Model,Accuracy,Precision,Recall,F1 Score
Logistic Regression,0.7272727272727273,0.59375,0.7037037037037037,0.6440677966101694
Naive Bayes,0.6948051948051948,0.5555555555555556,0.6481481481481481,0.5982905982905983
